{
    "accuracy": 0.7,
    "precision": 0.7254901960784313,
    "recall": 0.6981132075471698,
    "auc": 0.7340425531914894
}